Statistic,count,mean,std,min,25%,50%,75%,max,range
image_seq,90,45.31111111111111,26.393157286701214,0.0,23.25,45.5,67.75,90.0,90.0
angry,90,3.856539477888889,6.837118874338951,0.00207989,0.24649725,1.1978900000000001,4.1970875,45.0349,45.03282011
disgust,90,0.04845110784473961,0.28224497286974454,1.68002e-14,1.0115880000000001e-05,0.000396924,0.01341535,2.65616,2.656159999999983
fear,90,36.14380416622222,29.61126149526029,0.00567436,12.4861,30.292749999999998,65.44037499999999,99.0313,99.02562564
happy,90,4.215282990418194,13.262472860042484,1.95954e-09,0.00816275,0.326837,1.7977400000000001,97.4537,97.45369999804046
sad,90,32.656818477777776,27.452548192624153,0.15058,7.8907074999999995,26.850099999999998,56.8297,98.3334,98.18281999999999
surprise,90,4.330880520538433,11.801719775064218,4.27819e-07,0.0100894825,0.1304275,1.92603,61.2783,61.278299572181
neutral,90,18.748219532888893,26.50379965570593,0.00869146,1.3910749999999998,7.15203,22.284399999999998,99.0612,99.05250854
